NAME,GL,GB,PX,PX_ERR,DIST,DIST_ERR,PMTOT,PMTOT_ERR,PS,PS_ERR,PSDOT_OBS,PSDOT_OBS_ERR,PSDOT_SHK,PSDOT_SHK_ERR,PSDOT_B,PSDOT_B_ERR,MODEL_PSDOT_B,MODEL_PSDOT_B_ERR,ALOS_PS,ALOS_PS_ERR,PB,PB_ERR,PBDOT,PBDOT_ERR,PBDOT_SHK,PBDOT_SHK_ERR,PBDOT_GR,PBDOT_GR_ERR,ALOS_PB,ALOS_PB_ERR,BSURF,BSURF_ERR,CHAR_AGE,CHAR_AGE_ERR
,(deg),(deg),(mas),(mas),(kpc),(kpc),(mas/yr),(mas/yr),(s),(s),(s/s),(s/s),(s/s),(s/s),(s/s),(s/s),(s/s),(s/s),(mm/s/yr),(mm/s/yr),(days),(days),(s/s),(s/s),(s/s),(s/s),(s/s),(s/s),(mm/s/yr),(mm/s/yr),(G),(G),(s),(s)
J0030+0451,113.141,-57.611,3.09,0.06,0.324,0.006,6.16,0.06,0.004865453286,5.00E-17,1.02E-20,3.00E-25,1.45E-22,3.91E-24,,,1.03E-20,2.74E-22,-0.4769475599,0.5324964178,,,,,,,,,,,223523589.1,44753.47537,2.43E+17,97141152236730
J0125-2327,188.932,-81.569,1.84,0.11,0.543,0.032,38.6,0.1,0.003675374888,1.40E-17,1.84E-20,1.40E-24,7.23E-21,4.28E-22,,,7.91E-21,2.44E-22,8.386202387,1.266725949,,,,,,,,,,,182861786.8,21024204.87,2.07E+17,4.76E+16
J0218+4232,139.508,-17.527,0.16,0.09,3.150,0.850,6.53,0.09,0.002323090532,8.00E-17,7.74E-20,7.00E-25,7.59E-22,2.06E-22,7.55E-20,2.65E-22,,,,,2.028846085,5.00E-11,1.40E-13,2.00E-14,5.72E-14,1.55E-14,-1.51E-15,2.20E-16,4.544793156,1.365747581,424880151.2,2378417.885,1.53E+16,171364579341993
J0340+4130,153.783,-11.022,0.7,0.4,1.429,0.816,3.19,0.1,0.003299339366,1.70E-17,7.05E-21,1.20E-24,1.17E-22,6.70E-23,,,6.15E-21,2.24E-22,2.244767907,0.6700164215,,,,,,,,,,,152839457.2,877693.8959,2.39E+17,2.74025E+15
J0437-4715,253.394,-41.963,6.4,0.05,0.157,0.002,140.912,0.002,0.005757451937,1.70E-17,5.73E-20,1.70E-25,4.36E-20,5.56E-22,1.40E-20,6.96E-23,1.39E-20,3.23E-22,-0.3943517387,1.055823384,5.741042383,2.00E-10,3.73E-12,6.00E-15,3.76E-12,4.79E-14,-3.22E-16,1.50E-17,-0.5611459307,0.920054578,284886158.2,3518606.229,2.09E+17,5.16556E+15
J0613-0200,210.413,-9.305,0.86,0.17,1.020,0.090,10.521,0.006,0.003061844088,4.00E-18,9.59E-21,8.00E-26,8.41E-22,7.42E-23,8.35E-21,2.38E-22,6.91E-21,2.33E-22,5.680056465,0.7550533088,1.198512557,5.00E-12,3.40E-14,7.00E-15,2.84E-14,2.51E-15,-8.00E-15,4.00E-15,1.239267425,0.7709218836,165772730.1,390591.9781,1.75E+17,823095356036773
J0645+5158,163.963,20.251,0.82,0.17,1.220,0.253,7.58,0.04,0.008853496686,1.10E-17,4.92E-21,4.00E-25,1.51E-21,3.13E-22,,,7.50E-21,2.39E-22,-4.366579563,0.4208307856,,,,,,,,,,,175813263.6,8090446.241,1.30E+18,1.19E+17
J0737-3039A,245.236,-4.505,0.87,0.14,1.150,0.220,4.3,0.7,0.0226993786,1.10E-15,1.76E-18,6.00E-23,1.17E-21,4.43E-22,1.77E-18,4.37E-20,,,,,0.1022515625,5.00E-11,-1.25E-12,1.70E-14,4.57E-16,1.72E-16,-1.25E-12,8.00E-16,-0.4888098616,18.2143155,6393807689,783655.6359,6.45325E+15,1581883318327
J0737-3039B,245.236,-4.505,0.87,0.14,1.150,0.220,4.3,0.7,2.77346077,8.00E-11,8.92E-16,8.00E-18,1.43E-19,5.41E-20,8.93E-16,9.62E-18,,,,,0.1022515625,5.00E-11,-1.25E-12,1.70E-14,4.57E-16,1.72E-16,-1.25E-12,8.00E-16,-0.4888098616,18.2143155,1591506627464,7138102100,1.55488E+15,13947661934627
J0740+6620,149.73,29.599,0.5,0.3,1.150,0.160,32.55,0.04,0.002885736411,5.00E-18,1.22E-20,1.70E-25,8.55E-21,1.19E-21,3.99E-21,1.82E-21,-2.84E-21,1.69E-22,21.26660127,3.936712695,4.766944619,9.00E-11,1.17E-12,2.60E-13,1.22E-12,1.70E-13,-6.07E-16,2.10E-17,-1.137339625,7.128393678,-999,999,-5.32E+17,1.76E+18
J0751+1807,202.73,21.086,0.85,0.04,1.170,0.050,13.54,0.07,0.003478770839,1.30E-17,7.79E-21,8.00E-26,1.81E-21,7.98E-23,6.41E-21,6.17E-22,5.73E-21,2.20E-22,0.667764432,0.6360110447,0.2631442708,3.00E-12,-3.50E-14,5.00E-16,1.19E-14,5.21E-16,-4.40E-14,4.00E-15,-1.188269743,1.690308847,145692904.4,1076919.574,2.92E+17,4.31539E+15
J0931-1902,250.999,23.054,0.7,0.7,1.429,1.429,4.97,0.14,0.004638029391,2.00E-17,3.63E-21,1.30E-24,3.98E-22,3.99E-22,,,4.44E-21,2.07E-22,-2.462616333,0.9157356516,,,,,,,,,,,123850593.6,7658549.161,7.18E+17,8.88E+16
J1012+5307,160.347,50.858,0.9,0.08,1.111,0.099,25.622,0.004,0.005255749102,6.00E-18,1.71E-20,6.00E-26,9.32E-21,8.31E-22,1.04E-20,3.28E-21,9.20E-21,2.60E-22,-2.55519319,1.565562574,0.6046727138,5.00E-12,6.10E-14,6.00E-15,9.26E-14,8.26E-15,-6.00E-15,3.20E-14,-4.641502774,6.078491572,204699759.6,10915862.52,3.38E+17,3.60E+16
J1012-4235,274.218,11.225,0.8,0.5,1.250,0.781,6.58,0.06,0.003101141247,3.00E-17,6.55E-21,8.00E-25,4.08E-22,2.55E-22,,,5.37E-21,2.16E-22,2.353404835,1.019036266,,,,,,,,,,,139596943.3,2908495.356,2.53E+17,1.05E+16
J1017-7156,291.558,-12.553,0.6,0.6,1.400,0.600,10.106,0.012,0.00233851444,5.00E-18,2.21E-21,6.00E-26,8.13E-22,3.48E-22,5.50E-22,8.31E-22,3.72E-22,1.77E-22,4.144113802,1.580052806,6.5119041,9.00E-07,4.00E-13,2.00E-13,1.96E-13,8.38E-14,-3.90E-16,3.00E-16,3.441376858,3.644175716,54577800.26,21278699.7,9.40E+17,7.33E+17
J1022+1001,231.795,51.101,1.16,0.08,0.725,0.015,24,3,0.01645292996,6.00E-17,4.33E-20,3.00E-25,1.67E-20,4.19E-21,3.80E-20,2.20E-22,,,,,7.805134,2.00E-07,2.18E-13,9.00E-15,6.85E-13,1.72E-13,-5.20E-16,8.00E-17,-6.536207071,2.411477804,628287843.2,69219917.05,3.51E+17,7.74E+16
J1125-6014,292.504,0.894,1.2,0.3,0.833,0.208,17.127,0.014,0.002630380781,1.40E-17,3.73E-21,1.30E-25,1.56E-21,3.90E-22,1.30E-21,3.48E-22,-4.78E-22,1.73E-22,9.508125082,1.534281862,8.752603647,4.00E-10,7.00E-13,1.00E-13,4.49E-13,1.12E-13,-2.24E-16,3.00E-17,3.137383925,1.878949458,40127057.39,52584293.46,2.20E+18,5.77E+18
J1400-1431,326.986,45.087,3.6,1.1,0.278,0.085,58,6,0.00308423326,8.00E-17,7.23E-21,1.50E-24,7.01E-21,2.59E-21,,,-1.32E-21,1.71E-22,4.711417624,7.954031187,,,,,,,,,,,25791012.04,158669470.1,7.32E+18,9.01E+19
J1455-3330,330.722,22.562,1.3,0.1,0.769,0.059,8.096,0.014,0.007987204929,1.30E-16,2.43E-20,7.00E-25,9.79E-22,7.52E-23,1.88E-20,2.67E-21,,,,,76.17456861,2.00E-08,4.50E-12,2.20E-12,8.07E-13,6.19E-14,-1.00E-20,4.70E-46,5.305778146,3.161666155,436754994.6,707514.9989,1.71E+17,554768280876815
J1518+4904,80.808,54.282,1.24,0.04,0.806,0.026,8.56,0.04,0.04093498891,6.00E-16,2.72E-20,3.00E-24,5.88E-21,1.97E-22,2.42E-18,3.63E-24,,,,,8.634005096,1.10E-09,2.4E-13,2.2E-14,1.07E-13,3.60E-15,-1.18E-15,4.00E-17,1.701941734,2.790869102,944810161.1,4391707.105,9.61E+17,8.93489E+15
J1600-3053,344.09,16.451,0.51,0.11,1.870,0.030,6.984,0.01,0.00359792851,1.10E-17,9.50E-21,4.00E-26,7.98E-22,1.30E-23,8.05E-21,2.90E-22,7.81E-21,2.43E-22,2.344191802,0.6394692084,14.3484645,9.00E-07,5.00E-13,1.00E-13,2.75E-13,4.48E-15,-1.20E-16,4.00E-17,1.717378235,0.7634160992,181143540.5,168665.0357,2.02E+17,376150395822054
J1603-7202,316.63,-14.496,0.3,0.3,2.700,1.300,7.755,0.012,0.01484195225,5.00E-17,1.56E-20,4.00E-25,5.86E-21,2.82E-21,1.05E-20,1.09E-21,,,,,6.308629669,1.90E-10,1.90E-13,4.00E-14,2.15E-13,1.04E-13,-1.00E-20,7.15E-47,-0.4370652143,1.926577956,356859860.7,154383622.4,8.86E+17,7.66E+17
J1614-2230,352.636,20.192,1.54,0.1,0.649,0.042,32.4,0.6,0.003150807656,3.00E-18,9.62E-21,6.00E-26,5.22E-21,3.89E-22,4.04E-21,2.94E-22,4.16E-21,2.04E-22,0.7221042503,1.318512354,8.686619423,3.00E-11,1.33E-12,7.00E-14,1.24E-12,9.27E-14,-4.23E-16,3.00E-18,1.098115326,1.463337413,119022325.6,5302700.965,3.59E+17,3.20E+16
J1640+2224,41.051,38.271,0.8,0.2,1.080,0.280,11.526,0.007,0.003163315868,3.00E-17,2.82E-21,1.10E-25,1.10E-21,2.86E-22,8.35E-22,3.96E-22,1.31E-21,1.82E-22,1.214875907,1.013472234,175.4606646,9.00E-09,9.50E-12,1.90E-12,5.29E-12,1.37E-12,-1.00E-20,1.06E-46,2.626548873,1.461288186,70570110.38,7344278.967,1.03E+18,2.14E+17
J1713+0747,28.751,25.223,0.88,0.01,1.136,0.013,6.2919,0.0014,0.004570136598,5.00E-18,8.53E-21,5.00E-26,5.00E-22,5.72E-24,8.32E-21,5.69E-23,8.56E-21,2.52E-22,-1.095888927,0.5214687818,67.82513097,7.00E-10,2.64E-13,7.30E-14,6.41E-13,7.34E-15,-6.70E-18,2.00E-19,-0.6078783338,0.1183714051,193836247,68777.05525,2.85E+17,201974675126805
J1721-2457,0.387,6.751,0.1,0.2,10.000,20.000,3.1,0.6,0.003496633783,1.90E-16,5.54E-21,7.00E-24,8.17E-22,1.66E-21,,,4.81E-21,2.10E-22,-0.2353011386,4.536051562,,,,,,,,,,,130044916,22962673.51,3.70E+17,1.31E+17
J1738+0333,27.721,17.742,0.59,0.05,1.470,0.100,8.716,0.02,0.005850095861,3.00E-16,2.41E-20,1.40E-24,1.59E-21,1.08E-22,2.18E-20,2.55E-21,,,,,0.3547907399,1.30E-12,-1.70E-14,3.10E-15,8.32E-15,5.68E-16,-2.90E-14,1.30E-14,1.133996065,4.125751232,365351396.1,1277148.695,1.31E+17,917772566597893
J1741+1351,37.885,21.641,0.6,0.1,1.667,0.278,11.64,0.02,0.0037471545,8.00E-18,3.02E-20,1.50E-25,2.06E-21,3.43E-22,2.68E-20,1.06E-21,,,,,16.33534783,5.00E-10,1.30E-12,4.00E-13,7.75E-13,1.29E-13,-1.00E-20,4.70E-47,3.516412665,2.816039945,328681777.9,2006299.694,6.65E+16,812404052497865
J1744-1134,14.794,9.18,2.58,0.03,0.388,0.005,21.018,0.005,0.004074545942,9.00E-18,8.93E-21,5.00E-26,1.70E-21,2.19E-23,,,7.38E-21,2.38E-22,-0.3435690412,0.5545913877,,,,,,,,,,,173736967,237557.0346,2.82E+17,770104362470925
J1751-2857,0.646,-1.124,1.1,0.4,0.909,0.331,8.6,0.3,0.003914873259,4.00E-16,1.12E-20,1.30E-24,6.40E-22,2.37E-22,,,9.27E-21,2.61E-22,3.115569526,0.8518570619,,,,,,,,,,,205978350.1,2311074.72,1.85E+17,4.15035E+15
J1801-1417,14.546,4.162,0.6,0.2,1.667,0.556,11.02,0.07,0.003625096717,1.40E-16,5.30E-21,1.00E-24,1.78E-21,5.96E-22,,,4.29E-21,2.05E-22,-2.019572226,1.642753968,,,,,,,,,,,121290694,7699075.148,4.57E+17,5.81E+16
J1832-0836,23.109,0.257,0.48,0.14,2.083,0.608,22.9,0.12,0.002719112021,5.00E-18,8.27E-21,3.00E-25,7.22E-21,2.11E-21,,,3.19E-22,1.77E-22,2.5353836,7.360091285,,,,,,,,,,,53688356.97,54782676.18,1.31E+18,2.68E+18
J1853+1303,44.875,5.367,0.53,0.07,1.887,0.249,3.37,0.04,0.004091797384,6.00E-17,8.72E-21,1.10E-24,2.13E-22,2.86E-23,,,8.26E-21,2.48E-22,0.5702426926,0.5768365778,,,,,,,,,,,188757688.1,318438.5706,2.41E+17,811782930036581
J1909-3744,359.731,-19.596,0.92,0.03,1.160,0.100,37.026,0.005,0.00294710807,8.00E-18,1.40E-20,7.00E-26,1.14E-20,9.82E-22,2.64E-21,4.45E-23,3.25E-21,1.96E-22,-2.070369417,3.213641801,1.533449452,1.00E-12,5.09E-13,2.00E-15,5.12E-13,4.42E-14,-2.90E-15,4.00E-17,-0.02775848316,3.154757624,103534243.7,3247905.885,4.15E+17,2.60E+16
J1910+1256,46.564,1.795,0.36,0.06,2.778,0.463,7.1,0.03,0.004983584019,1.80E-16,9.68E-21,8.00E-25,1.70E-21,2.83E-22,,,9.03E-21,2.58E-22,-1.986094037,0.7267709434,,,,,,,,,,,201774882,3588484.946,3.12E+17,1.11E+16
J1911-1114,25.137,-9.579,0.37,0.14,2.703,1.023,17.1,0.3,0.003625745633,5.00E-15,1.40E-20,4.00E-23,6.97E-21,2.65E-21,,,6.62E-21,2.29E-22,1.074862899,6.932631747,,,,,,,,,,,160841262.7,30626339.61,2.60E+17,9.91E+16
B1913+16,49.968,2.122,0.24,0.07,4.167,1.215,0.72,0.12,0.05903000322,1.10E-14,8.62E-18,4.00E-22,3.10E-22,1.37E-22,8.66E-18,2.16E-21,,,,,0.3229974489,3.00E-12,-2.42E-12,1.00E-15,1.47E-16,6.49E-17,-2.40E-12,5.00E-17,-6.825482869,0.3399265855,22823873797,560149.0934,3.42481E+15,168105195504
J1923+2515,58.946,4.749,0.8,0.3,1.250,0.469,15.87,0.05,0.003788155521,8.00E-18,9.56E-21,3.00E-25,2.90E-21,1.09E-21,,,6.61E-21,2.29E-22,0.1255604209,2.775262066,,,,,,,,,,,160598825.7,13162613.43,2.85E+17,4.67E+16
J1933-6211,334.431,-28.631,0.7,0.2,1.429,0.408,12.43,0.03,0.003543431496,4.00E-17,3.87E-21,3.00E-25,1.90E-21,5.43E-22,1.63E-21,3.20E-22,2.80E-21,1.93E-22,-2.220519254,1.538106286,12.81940672,1.00E-09,7.00E-13,1.00E-13,5.95E-13,1.70E-13,-1.53E-16,2.90E-17,0.9011184618,1.682035552,95944222.71,7568704.258,6.98E+17,1.10E+17
J1944+0907,47.16,-7.357,0.6,0.3,1.667,0.833,26.58,0.06,0.005185201909,1.40E-17,1.73E-20,1.90E-25,1.48E-20,7.42E-21,,,3.88E-21,2.02E-22,-2.604017243,13.53439246,,,,,,,,,,,114271121,172827841.2,1.05E+18,3.19E+18
J1946+3417,69.294,4.713,0.46,1.5,2.174,7.089,8.94,0.14,0.003170139179,8.00E-17,3.16E-21,4.00E-24,1.34E-21,4.37E-21,,,4.82E-21,2.10E-22,-8.945084411,13.04027998,,,,,,,,,,,130198341.6,85521521.07,3.04E+17,3.99E+17
J2010-1323,29.446,-23.54,0.32,0.11,3.125,1.074,6.39,0.13,0.005223271017,5.00E-18,4.83E-21,1.40E-25,1.62E-21,5.61E-22,,,5.27E-21,2.15E-22,-3.729746854,1.087198433,,,,,,,,,,,137940845.8,7261671.234,7.34E+17,7.73E+16
J2017+0603,48.621,-16.026,0.4,0.2,2.500,1.250,2.22,0.08,0.002896215817,1.10E-17,7.99E-21,7.00E-25,8.68E-23,4.38E-23,,,6.17E-21,2.24E-22,5.658116453,0.7451141122,,,,,,,,,,,153125637.6,425425.0157,1.83E+17,1.01775E+15
J2033+1734,60.857,-13.154,1,0.6,1.000,0.600,11.31,0.15,0.005948957541,4.00E-17,1.11E-20,3.00E-24,1.85E-21,1.11E-21,,,1.12E-20,2.85E-22,-3.09949187,1.823226786,,,,,,,,,,,237913531.9,14257292.12,3.20E+17,3.84E+16
J2124-3358,10.925,-45.438,2.1,0.1,0.476,0.023,52.26,0.03,0.004931114944,8.00E-17,2.06E-20,3.00E-25,1.56E-20,7.53E-22,,,6.45E-21,2.27E-22,-2.754436505,1.508572004,,,,,,,,,,,157971430.7,11896263.82,4.99E+17,7.51E+16
J2129-5721,338.005,-43.57,0.26,0.17,3.600,1.400,13.38,0.05,0.003726348486,1.00E-17,2.09E-20,1.00E-25,5.84E-21,2.27E-21,1.10E-20,5.86E-22,1.11E-20,2.84E-22,10.04932624,5.807571549,6.62549309,5.00E-10,1.51E-12,9.00E-14,8.97E-13,3.49E-13,-1.00E-20,0,10.12400499,5.951322894,236396895.1,32760968.46,1.27E+17,3.53E+16
J2145-0750,47.777,-42.084,1.4,0.08,0.625,0.015,13.14,0.05,0.01605242392,3.00E-17,2.98E-20,3.00E-25,4.21E-21,1.06E-22,2.63E-20,5.43E-22,,,,,6.838902615,9.00E-11,1.30E-13,2.00E-14,1.55E-13,3.90E-15,-1.00E-20,0,-0.400590657,0.3260564205,640645131.3,3567622.339,3.21E+17,3.5802E+15
J2222-0137,62.018,-46.075,3.73,0.016,0.268,0.001,45.06,0.05,0.03281785906,1.10E-16,5.80E-19,3.00E-23,4.34E-20,1.89E-22,5.40E-19,1.15E-21,,,,,2.445759995,6.00E-12,2.55E-13,7.40E-15,2.80E-13,1.21E-15,-7.98E-15,1.20E-16,-0.7426882733,0.3355595398,4247839291,840019.8469,3.06E+16,12086644871680
J2229+2643,87.693,-26.284,0.2,0.3,5.000,7.500,6.06,0.09,0.002977819296,8.00E-18,1.52E-21,5.00E-25,1.33E-21,1.99E-21,,,-1.42E-21,1.70E-22,5.113512884,6.355776217,,,,,,,,,,,24155789.58,126165187,7.78E+18,8.13E+19
J2234+0611,72.991,-43.006,1.03,0.04,0.971,0.038,27.1,0.03,0.003576581632,7.00E-18,1.20E-20,1.30E-25,6.20E-21,2.43E-22,8.00E-21,3.23E-21,5.73E-21,2.20E-22,0.1814775406,0.8666704806,32.00140163,2.00E-08,3.10E-12,2.50E-12,4.79E-12,1.88E-13,-2.57E-17,1.20E-18,-5.792644097,8.572858279,145748726.9,3036915.998,3.08E+17,1.28E+16
J2302+4442,103.395,-14.005,0.4,0.9,2.500,5.625,5.81,0.1,0.005192324649,3.00E-17,1.39E-20,1.10E-24,1.07E-21,2.40E-21,,,1.25E-20,3.03E-22,0.6092616284,4.40019553,,,,,,,,,,,260880946.8,24483833.21,2.03E+17,3.81E+16
J2317+1439,91.361,-42.36,0.6,0.08,1.667,0.222,3.69,0.03,0.003445251072,5.00E-16,2.43E-21,1.70E-24,1.90E-22,2.55E-23,,,2.39E-21,1.89E-22,-0.4120172339,0.5233874797,,,,,,,,,,,88898175.97,508889.4353,7.69E+17,8.80413E+15
J2322-2650,28.637,-70.228,1.3,2,0.769,1.183,8.6,0.4,0.003463099179,1.10E-16,5.83E-22,1.50E-24,4.79E-22,7.38E-22,,,-5.11E-22,1.73E-22,1.67927956,2.069637395,,,,,,,,,,,39570836.57,1832695.021,3.92E+18,3.63E+17
